<?xml version="1.0" encoding="UTF-8" standalone="yes"?>
<addon id="repository.mecooltoolbox" name="Mecool Toolbox Repo" version="1.0.0" provider-name="Francisco Aarón">
    <extension point="xbmc.addon.repository" name="Mecool Toolbox Repo">
            <info compressed="false">https://bitbucket.org/fcoaaron/repository.mecooltoolbox/raw/master/addons.xml</info>
            <checksum>https://bitbucket.org/fcoaaron/repository.mecooltoolbox/raw/master/addons.xml.md5</checksum>
            <datadir zip="true">https://bitbucket.org/fcoaaron/repository.mecooltoolbox/raw/master/repo</datadir>
    </extension>
    <extension point="xbmc.addon.metadata">
            <summary>Repositorio de Mecool Toolbox</summary>
            <description>Repositorio de Mecool Toolbox</description>
            <disclaimer></disclaimer>
            <platform>all</platform> 
    </extension>
</addon>
