<?xml version="1.0" encoding="UTF-8" standalone="yes"?>
<addon id="repository.mecooltoolboxgit" name="Mecool Toolbox Repositorio (Git)" version="1.0.0" provider-name="Francisco Aarón">
    <extension point="xbmc.addon.repository" name="Mecool Toolbox Repositorio (Git)">
            <info compressed="false">https://raw.githubusercontent.com/mecooltoolbox/repository.mecooltoolbox/master/addons.xml</info>
            <checksum>https://raw.githubusercontent.com/mecooltoolbox/repository.mecooltoolbox/master/addons.xml.md5</checksum>
            <datadir zip="true">https://github.com/mecooltoolbox/repository.mecooltoolbox/raw/master/repo/</datadir>
    </extension>
    <extension point="xbmc.addon.metadata">
            <summary>Repositorio de Mecool Toolbox</summary>
            <description>Repositorio de Mecool Toolbox</description>
            <disclaimer></disclaimer>
            <platform>all</platform> 
    </extension>
</addon>
