<keymap>
	<global>
		<keyboard>
			<key id="250">activatewindow(filemanager)</key>
			<key id="232">activatewindow(tvrecordings)</key>
			<key id="104">activatewindow(favourites)</key>
			<key id="196">activatewindow(shutdownmenu)</key>
			<key id="105">activatewindow(1133)</key>                        
			<key id="251">screenshot</key>
		</keyboard>
	</global>
	<fullscreenlivetv>
		<keyboard>
			<key id="168">volumeup</key>
			<key id="169">volumedown</key>
			<key id="37">activatewindow(home)</key>
			<key id="247">activatewindow(pvrosdchannels)</key>
			<key id="250">activatewindow(pvrosdguide)</key>
			<key id="232">record</key>
		</keyboard>
	</fullscreenlivetv>
</keymap>
